"Date","Production","RollingAvg","MonthlyChange"
1920-01-15,34008,NA,NA
1920-02-15,33193,NA,-815
1920-03-15,36171,NA,2978
1920-04-15,34945,NA,-1226
1920-05-15,36622,NA,1677
1920-06-15,36663,NA,41
1920-07-15,37746,NA,1083
1920-08-15,38906,NA,1160
1920-09-15,37521,NA,-1385
1920-10-15,39584,NA,2063
1920-11-15,38609,NA,-975
1920-12-15,38961,36910.75,352
1921-01-15,38138,37254.9166666667,-823
1921-02-15,35524,37449.1666666667,-2614
1921-03-15,41105,37860.3333333333,5581
1921-04-15,40233,38301,-872
1921-05-15,42189,38764.9166666667,1956
1921-06-15,40548,39088.6666666667,-1641
1921-07-15,40461,39314.9166666667,-87
1921-08-15,41109,39498.5,648
1921-09-15,36763,39435.3333333333,-4346
1921-10-15,35832,39122.6666666667,-931
1921-11-15,38108,39080.9166666667,2276
1921-12-15,42173,39348.5833333333,4065
1922-01-15,43696,39811.75,1523
1922-02-15,41314,40294.25,-2382
1922-03-15,47188,40801.1666666667,5874
1922-04-15,45167,41212.3333333333,-2021
1922-05-15,47002,41613.4166666667,1835
1922-06-15,46087,42075,-915
1922-07-15,47134,42631.0833333333,1047
1922-08-15,47059,43126.9166666667,-75
1922-09-15,45805,43880.4166666667,-1254
1922-10-15,48410,44928.5833333333,2605
1922-11-15,48027,45755.1666666667,-383
1922-12-15,50642,46460.9166666667,2615
1923-01-15,52527,47196.8333333333,1885
1923-02-15,48588,47803,-3939
1923-03-15,56969,48618.0833333333,8381
1923-04-15,59008,49771.5,2039
1923-05-15,62377,51052.75,3369
1923-06-15,62845,52449.25,468
1923-07-15,65925,54015.1666666667,3080
1923-08-15,66422,55628.75,497
1923-09-15,65306,57253.8333333333,-1116
1923-10-15,67506,58845.1666666667,2200
1923-11-15,65388,60291.9166666667,-2118
1923-12-15,59546,61033.9166666667,-5842
1924-01-15,57273,61429.4166666667,-2273
1924-02-15,55889,62037.8333333333,-1384
1924-03-15,60141,62302.1666666667,4252
1924-04-15,59830,62370.6666666667,-311
1924-05-15,61834,62325.4166666667,2004
1924-06-15,59583,62053.5833333333,-2251
1924-07-15,61932,61720.8333333333,2349
1924-08-15,62398,61385.5,466
1924-09-15,60376,60974.6666666667,-2022
1924-10-15,60469,60388.25,93
1924-11-15,56782,59671.0833333333,-3687
1924-12-15,57433,59495,651
1925-01-15,53802,59205.75,-3631
1925-02-15,48571,58595.9166666667,-5231
1925-03-15,53597,58050.5833333333,5026
1925-04-15,51914,57390.9166666667,-1683
1925-05-15,53367,56685.3333333333,1453
1925-06-15,51915,56046.3333333333,-1452
1925-07-15,52138,55230.1666666667,223
1925-08-15,52198,54380.1666666667,60
1925-09-15,51559,53645.4166666667,-639
1925-10-15,51769,52920.4166666667,210
1925-11-15,49921,52348.6666666667,-1848
1925-12-15,49622,51697.75,-299
1926-01-15,59981,52212.6666666667,10359
1926-02-15,54892,52739.4166666667,-5089
1926-03-15,60880,53346.3333333333,5988
1926-04-15,60371,54051.0833333333,-509
1926-05-15,62822,54839,2451
1926-06-15,61789,55661.8333333333,-1033
1926-07-15,65168,56747.6666666667,3379
1926-08-15,67009,57981.9166666667,1841
1926-09-15,65782,59167.1666666667,-1227
1926-10-15,69664,60658.4166666667,3882
1926-11-15,69891,62322.5833333333,227
1926-12-15,72625,64239.5,2734
1927-01-15,71758,65220.9166666667,-867
1927-02-15,68122,66323.4166666667,-3636
1927-03-15,75514,67542.9166666667,7392
1927-04-15,73132,68606.3333333333,-2382
1927-05-15,76845,69774.9166666667,3713
1927-06-15,75303,70901.0833333333,-1542
1927-07-15,78780,72035.4166666667,3477
1927-08-15,78788,73017,8
1927-09-15,75909,73860.9166666667,-2879
1927-10-15,77534,74516.75,1625
1927-11-15,74493,74900.25,-3041
1927-12-15,74951,75094.0833333333,458
1928-01-15,72793,75180.3333333333,-2158
1928-02-15,68565,75217.25,-4228
1928-03-15,74528,75135.0833333333,5963
1928-04-15,72393,75073.5,-2135
1928-05-15,75277,74942.8333333333,2884
1928-06-15,72676,74723.9166666667,-2601
1928-07-15,75584,74457.5833333333,2908
1928-08-15,77807,74375.8333333333,2223
1928-09-15,76484,74423.75,-1323
1928-10-15,79751,74608.5,3267
1928-11-15,76123,74744.3333333333,-3628
1928-12-15,79493,75122.8333333333,3370
1929-01-15,82054,75894.5833333333,2561
1929-02-15,75456,76468.8333333333,-6598
1929-03-15,82463,77130.0833333333,7007
1929-04-15,80412,77798.3333333333,-2051
1929-05-15,84499,78566.8333333333,4087
1929-06-15,83407,79461.0833333333,-1092
1929-07-15,91309,80771.5,7902
1929-08-15,92165,81968,856
1929-09-15,87453,82882.0833333333,-4712
1929-10-15,88430,83605.3333333333,977
1929-11-15,78758,83824.9166666667,-9672
1929-12-15,80917,83943.5833333333,2159
1930-01-15,79633,83741.8333333333,-1284
1930-02-15,74290,83644.6666666667,-5343
1930-03-15,78226,83291.5833333333,3936
1930-04-15,77483,83047.5,-743
1930-05-15,80528,82716.5833333333,3045
1930-06-15,77060,82187.6666666667,-3468
1930-07-15,76922,80988.75,-138
1930-08-15,74831,79544.25,-2091
1930-09-15,71216,78191.1666666667,-3615
1930-10-15,72893,76896.4166666667,1677
1930-11-15,67957,75996.3333333333,-4936
1930-12-15,66972,74834.25,-985
1931-01-15,65737,73676.25,-1235
1931-02-15,60540,72530.4166666667,-5197
1931-03-15,69429,71797.3333333333,8889
1931-04-15,72860,71412.0833333333,3431
1931-05-15,76822,71103.25,3962
1931-06-15,75011,70932.5,-1811
1931-07-15,78210,71039.8333333333,3199
1931-08-15,68014,70471.75,-10196
1931-09-15,64378,69901.9166666667,-3636
1931-10-15,73297,69935.5833333333,8919
1931-11-15,73456,70393.8333333333,159
1931-12-15,73327,70923.4166666667,-129
1932-01-15,67014,71029.8333333333,-6313
1932-02-15,62512,71194.1666666667,-4502
1932-03-15,67456,71029.75,4944
1932-04-15,67915,70617.6666666667,459
1932-05-15,68854,69953.6666666667,939
1932-06-15,65144,69131.4166666667,-3710
1932-07-15,66655,68168.5,1511
1932-08-15,66568,68048,-87
1932-09-15,65518,68143,-1050
1932-10-15,65598,67501.4166666667,80
1932-11-15,63630,66682.5833333333,-1968
1932-12-15,58295,65429.9166666667,-5335
1933-01-15,65159,65275.3333333333,6864
1933-02-15,61252,65170.3333333333,-3907
1933-03-15,75185,65814.4166666667,13933
1933-04-15,65709,65630.5833333333,-9476
1933-05-15,86638,67112.5833333333,20929
1933-06-15,84386,68716.0833333333,-2252
1933-07-15,85321,70271.5833333333,935
1933-08-15,85485,71848,164
1933-09-15,78321,72914.9166666667,-7164
1933-10-15,76077,73788.1666666667,-2244
1933-11-15,69966,74316.1666666667,-6111
1933-12-15,72157,75471.3333333333,2191
1934-01-15,72017,76042.8333333333,-140
1934-02-15,65383,76387.0833333333,-6634
1934-03-15,75426,76407.1666666667,10043
1934-04-15,75645,77235.1666666667,219
1934-05-15,79966,76679.1666666667,4321
1934-06-15,79636,76283.3333333333,-330
1934-07-15,81339,75951.5,1703
1934-08-15,79105,75419.8333333333,-2234
1934-09-15,75759,75206.3333333333,-3346
1934-10-15,76593,75249.3333333333,834
1934-11-15,72399,75452.0833333333,-4194
1934-12-15,74797,75672.0833333333,2398
1935-01-15,78715,76230.25,3918
1935-02-15,72763,76845.25,-5952
1935-03-15,81488,77350.4166666667,8725
1935-04-15,78427,77582.25,-3061
1935-05-15,82454,77789.5833333333,4027
1935-06-15,82338,78014.75,-116
1935-07-15,85485,78360.25,3147
1935-08-15,84816,78836.1666666667,-669
1935-09-15,84109,79532,-707
1935-10-15,88160,80495.9166666667,4051
1935-11-15,86476,81669,-1684
1935-12-15,88711,82828.5,2235
1936-01-15,88820,83670.5833333333,109
1936-02-15,82120,84450.3333333333,-6700
1936-03-15,90568,85207,8448
1936-04-15,90479,86211.3333333333,-89
1936-05-15,93739,87151.75,3260
1936-06-15,90185,87805.6666666667,-3554
1936-07-15,92075,88354.8333333333,1890
1936-08-15,95090,89211,3015
1936-09-15,90972,89782.9166666667,-4118
1936-10-15,95795,90419.1666666667,4823
1936-11-15,91018,90797.6666666667,-4777
1936-12-15,97652,91542.75,6634
1937-01-15,98567,92355,915
1937-02-15,93173,93276.0833333333,-5394
1937-03-15,106724,94622.4166666667,13551
1937-04-15,104979,95830.75,-1745
1937-05-15,110911,97261.75,5932
1937-06-15,105812,98564,-5099
1937-07-15,110721,100117.833333333,4909
1937-08-15,115090,101784.5,4369
1937-09-15,109980,103368.5,-5110
1937-10-15,110911,104628.166666667,931
1937-11-15,104206,105727.166666667,-6705
1937-12-15,106579,106471.083333333,2373
1938-01-15,106007,107091.083333333,-572
1938-02-15,94662,107215.166666667,-11345
1938-03-15,106524,107198.5,11862
1938-04-15,102702,107008.75,-3822
1938-05-15,98674,105989,-4028
1938-06-15,94277,105027.75,-4397
1938-07-15,102898,104375.833333333,8621
1938-08-15,106165,103632.083333333,3267
1938-09-15,98661,102688.833333333,-7504
1938-10-15,101830,101932.083333333,3169
1938-11-15,98567,101462.166666667,-3263
1938-12-15,102287,101104.5,3720
1939-01-15,102490,100811.416666667,203
1939-02-15,93475,100712.5,-9015
1939-03-15,106768,100732.833333333,13293
1939-04-15,105510,100966.833333333,-1258
1939-05-15,110541,101955.75,5031
1939-06-15,104607,102816.583333333,-5934
1939-07-15,110937,103486.5,6330
1939-08-15,80865,101378.166666667,-30072
1939-09-15,108168,102170.416666667,27303
1939-10-15,114198,103201.083333333,6030
1939-11-15,111887,104311.083333333,-2311
1939-12-15,114810,105354.666666667,2923
1940-01-15,117227,106582.75,2417
1940-02-15,108399,107826.416666667,-8828
1940-03-15,121560,109059.083333333,13161
1940-04-15,119000,110183.25,-2560
1940-05-15,123854,111292.666666667,4854
1940-06-15,119302,112517.25,-4552
1940-07-15,127493,113896.916666667,8191
1940-08-15,130633,118044.25,3140
1940-09-15,130407,119897.5,-226
1940-10-15,136503,121756.25,6096
1940-11-15,133646,123569.5,-2857
1940-12-15,135152,125264.666666667,1506
1941-01-15,110647,124716.333333333,-24505
1941-02-15,100791,124082.333333333,-9856
1941-03-15,112817,123353.75,12026
1941-04-15,111080,122693.75,-1737
1941-05-15,116976,122120.583333333,5896
1941-06-15,115027,121764.333333333,-1949
1941-07-15,118251,120994.166666667,3224
1941-08-15,121354,120220.916666667,3103
1941-09-15,119446,119307.5,-1908
1941-10-15,126145,118444.333333333,6699
1941-11-15,123355,117586.75,-2790
1941-12-15,128293,117015.166666667,4938
1942-01-15,128262,118483.083333333,-31
1942-02-15,113961,119580.583333333,-14301
1942-03-15,114473,119718.583333333,512
1942-04-15,105053,119216.333333333,-9420
1942-05-15,110192,118651,5139
1942-06-15,108595,118115,-1597
1942-07-15,111782,117575.916666667,3187
1942-08-15,120429,117498.833333333,8647
1942-09-15,115801,117195.083333333,-4628
1942-10-15,120311,116708.916666667,4510
1942-11-15,116101,116104.416666667,-4210
1942-12-15,120519,115456.583333333,4418
1943-01-15,117372,114549.083333333,-3147
1943-02-15,108487,114092.916666667,-8885
1943-03-15,121648,114690.833333333,13161
1943-04-15,119100,115861.416666667,-2548
1943-05-15,123957,117008.5,4857
1943-06-15,120111,117968.166666667,-3846
1943-07-15,127629,119288.75,7518
1943-08-15,130796,120152.666666667,3167
1943-09-15,130564,121382.916666667,-232
1943-10-15,136837,122760.083333333,6273
1943-11-15,133824,124237,-3013
1943-12-15,135288,125467.75,1464
1944-01-15,135682,126993.583333333,394
1944-02-15,128842,128689.833333333,-6840
1944-03-15,136814,129953.666666667,7972
1944-04-15,133588,131161,-3226
1944-05-15,141189,132597,7601
1944-06-15,137263,134026.333333333,-3926
1944-07-15,141438,135177.083333333,4175
1944-08-15,145407,136394.666666667,3969
1944-09-15,142985,137429.75,-2422
1944-10-15,146911,138269.25,3926
1944-11-15,142463,138989.166666667,-4448
1944-12-15,145322,139825.333333333,2859
1945-01-15,147446,140805.666666667,2124
1945-02-15,133463,141190.75,-13983
1945-03-15,148935,142200.833333333,15472
1945-04-15,144219,143086.75,-4716
1945-05-15,151180,143919.333333333,6961
1945-06-15,145783,144629.333333333,-5397
1945-07-15,151803,145493.083333333,6020
1945-08-15,151198,145975.666666667,-605
1945-09-15,132690,145117.75,-18508
1945-10-15,132800,143941.833333333,110
1945-11-15,135511,143362.5,2711
1945-12-15,138627,142804.583333333,3116
1946-01-15,143368,142464.75,4741
1946-02-15,132129,142353.583333333,-11239
1946-03-15,136835,141345.25,4706
1946-04-15,140196,141010,3361
1946-05-15,148334,140772.833333333,8138
1946-06-15,146890,140865.083333333,-1444
1946-07-15,152586,140930.333333333,5696
1946-08-15,149910,140823,-2676
1946-09-15,143708,141741.166666667,-6202
1946-10-15,148323,143034.75,4615
1946-11-15,144674,143798.333333333,-3649
1946-12-15,146471,144452,1797
1947-01-15,144823,144573.25,-1648
1947-02-15,134696,144787.166666667,-10127
1947-03-15,152178,146065.75,17482
1947-04-15,149410,146833.583333333,-2768
1947-05-15,156055,147477,6645
1947-06-15,153058,147991,-2997
1947-07-15,159366,148556,6308
1947-08-15,160448,149434.166666667,1082
1947-09-15,157665,150597.25,-2783
1947-10-15,165032,151989.666666667,7367
1947-11-15,158701,153158.583333333,-6331
1947-12-15,165555,154748.916666667,6854
1948-01-15,164098,156355.166666667,-1457
1948-02-15,155577,158095.25,-8521
1948-03-15,167868,159402.75,12291
1948-04-15,164726,160679.083333333,-3142
1948-05-15,170705,161899.916666667,5979
1948-06-15,166448,163015.75,-4257
1948-07-15,171369,164016,4921
1948-08-15,173015,165063.25,1646
1948-09-15,163244,165528.166666667,-9771
1948-10-15,174972,166356.5,11728
1948-11-15,170777,167362.833333333,-4195
1948-12-15,177386,168348.75,6609
1949-01-15,167016,168591.916666667,-10370
1949-02-15,150682,168184,-16334
1949-03-15,162399,167728.25,11717
1949-04-15,150343,166529.666666667,-12056
1949-05-15,154250,165158.416666667,3907
1949-06-15,147283,163561.333333333,-6967
1949-07-15,145530,161408.083333333,-1753
1949-08-15,148356,159353.166666667,2826
1949-09-15,148286,158106.666666667,-70
1949-10-15,155469,156481.416666667,7183
1949-11-15,156496,155291.333333333,1027
1949-12-15,155830,153495,-666
1950-01-15,152935,152321.583333333,-2895
1950-02-15,139127,151358.666666667,-13808
1950-03-15,151301,150433.833333333,12174
1950-04-15,149147,150334.166666667,-2154
1950-05-15,159558,150776.5,10411
1950-06-15,161305,151945,1747
1950-07-15,170058,153989,8753
1950-08-15,176192,156308.666666667,6134
1950-09-15,176698,158676.333333333,506
1950-10-15,183011,160971.5,6313
1950-11-15,176782,162662,-6229
1950-12-15,177460,164464.5,678
1951-01-15,183437,167006.333333333,5977
1951-02-15,166163,169259.333333333,-17274
1951-03-15,187774,172298.75,21611
1951-04-15,183860,175191.5,-3914
1951-05-15,191601,177861.75,7741
1951-06-15,184064,179758.333333333,-7537
1951-07-15,190626,181472.333333333,6562
1951-08-15,193537,182917.75,2911
1951-09-15,188016,183860.916666667,-5521
1951-10-15,198163,185123.583333333,10147
1951-11-15,188499,186100,-9664
1951-12-15,191971,187309.25,3472
1952-01-15,192848,188093.5,877
1952-02-15,184818,189648.083333333,-8030
1952-03-15,197121,190427,12303
1952-04-15,192936,191183.333333333,-4185
1952-05-15,157748,188362.25,-35188
1952-06-15,185692,188497.916666667,27944
1952-07-15,188985,188361.166666667,3293
1952-08-15,192768,188297.083333333,3783
1952-09-15,195603,188929.333333333,2835
1952-10-15,201581,189214.166666667,5978
1952-11-15,193832,189658.583333333,-7749
1952-12-15,205904,190819.666666667,12072
1953-01-15,203211,191683.25,-2693
1953-02-15,183183,191547,-20028
1953-03-15,202024,191955.583333333,18841
1953-04-15,191953,191873.666666667,-10071
1953-05-15,198117,195237.75,6164
1953-06-15,197630,196232.583333333,-487
1953-07-15,204711,197543.083333333,7081
1953-08-15,204490,198519.916666667,-221
1953-09-15,196571,198600.583333333,-7919
1953-10-15,193726,197946,-2845
1953-11-15,188116,197469.666666667,-5610
1953-12-15,193350,196423.5,5234
1954-01-15,193437,195609,87
1954-02-15,178644,195230.75,-14793
1954-03-15,201763,195209,23119
1954-04-15,198502,195754.75,-3261
1954-05-15,200627,195963.916666667,2125
1954-06-15,194974,195742.583333333,-5653
1954-07-15,194098,194858.166666667,-876
1954-08-15,190388,193683,-3710
1954-09-15,184325,192662.5,-6063
1954-10-15,189724,192329,5399
1954-11-15,190372,192517,648
1954-12-15,198134,192915.666666667,7762
1955-01-15,209601,194262.666666667,11467
1955-02-15,191342,195320.833333333,-18259
1955-03-15,213453,196295,22111
1955-04-15,206668,196975.5,-6785
1955-05-15,207067,197512.166666667,399
1955-06-15,197844,197751.333333333,-9223
1955-07-15,205614,198711,7770
1955-08-15,206619,200063.583333333,1005
1955-09-15,202037,201539.583333333,-4582
1955-10-15,211866,203384.75,9829
1955-11-15,210454,205058.25,-1412
1955-12-15,221863,207035.666666667,11409
1956-01-15,223125,208162.666666667,1262
1956-02-15,209078,209640.666666667,-14047
1956-03-15,225645,210656.666666667,16567
1956-04-15,214412,211302,-11233
1956-05-15,218942,212291.583333333,4530
1956-06-15,213010,213555.416666667,-5932
1956-07-15,219770,214735.083333333,6760
1956-08-15,223035,216103.083333333,3265
1956-09-15,211585,216898.75,-11450
1956-10-15,215570,217207.416666667,3985
1956-11-15,214438,217539.416666667,-1132
1956-12-15,228673,218106.916666667,14235
1957-01-15,231631,218815.75,2958
1957-02-15,214967,219306.5,-16664
1957-03-15,238490,220376.916666667,23523
1957-04-15,226392,221375.25,-12098
1957-05-15,230466,222335.583333333,4074
1957-06-15,213302,222359.916666667,-17164
1957-07-15,212781,221777.5,-521
1957-08-15,210150,220703.75,-2631
1957-09-15,206777,220303.083333333,-3373
1957-10-15,212055,220010.166666667,5278
1957-11-15,205249,219244.416666667,-6806
1957-12-15,214641,218075.083333333,9392
1958-01-15,213280,216545.833333333,-1361
1958-02-15,190947,214544.166666667,-22333
1958-03-15,194580,210885,3633
1958-04-15,189014,207770.166666667,-5566
1958-05-15,193205,204665.083333333,4191
1958-06-15,190172,202737.583333333,-3033
1958-07-15,203701,201980.916666667,13529
1958-08-15,215030,202387.583333333,11329
1958-09-15,212642,202876.333333333,-2388
1958-10-15,215887,203195.666666667,3245
1958-11-15,209252,203529.25,-6635
1958-12-15,221277,204082.25,12025
1959-01-15,223926,204969.416666667,2649
1959-02-15,201435,205843.416666667,-22491
1959-03-15,222839,208198.333333333,21404
1959-04-15,217685,210587.583333333,-5154
1959-05-15,223806,213137.666666667,6121
1959-06-15,212489,214997.416666667,-11317
1959-07-15,210311,215548.25,-2178
1959-08-15,209733,215106.833333333,-578
1959-09-15,205700,214528.333333333,-4033
1959-10-15,214248,214391.75,8548
1959-11-15,209449,214408.166666667,-4799
1959-12-15,222969,214549.166666667,13520
1960-01-15,224140,214567,1171
1960-02-15,209986,215279.583333333,-14154
1960-03-15,220977,215124.416666667,10991
1960-04-15,211132,214578.333333333,-9845
1960-05-15,212296,213619.166666667,1164
1960-06-15,208161,213258.5,-4135
1960-07-15,212645,213453,4484
1960-08-15,215145,213904,2500
1960-09-15,209119,214188.916666667,-6026
1960-10-15,215687,214308.833333333,6568
1960-11-15,213992,214687.416666667,-1695
1960-12-15,221653,214577.75,7661
1961-01-15,223497,214524.166666667,1844
1961-02-15,204274,214048.166666667,-19223
1961-03-15,231596,214933.083333333,27322
1961-04-15,219846,215659.25,-11750
1961-05-15,221553,216430.666666667,1707
1961-06-15,213084,216840.916666667,-8469
1961-07-15,215699,217095.416666667,2615
1961-08-15,220218,217518.166666667,4519
1961-09-15,209848,217578.916666667,-10370
1961-10-15,220942,218016.833333333,11094
1961-11-15,214566,218064.666666667,-6376
1961-12-15,226635,218479.833333333,12069
1962-01-15,227756,218834.75,1121
1962-02-15,209072,219234.583333333,-18684
1962-03-15,228661,218990,19589
1962-04-15,221737,219147.583333333,-6924
1962-05-15,222969,219265.583333333,1232
1962-06-15,217712,219651.25,-5257
1962-07-15,224018,220344.5,6306
1962-08-15,224240,220679.666666667,222
1962-09-15,219589,221491.416666667,-4651
1962-10-15,228380,222111.25,8791
1962-11-15,223231,222833.333333333,-5149
1962-12-15,228824,223015.75,5593
1963-01-15,226420,222904.416666667,-2404
1963-02-15,212437,223184.833333333,-13983
1963-03-15,234289,223653.833333333,21852
1963-04-15,228270,224198.25,-6019
1963-05-15,234499,225159.083333333,6229
1963-06-15,226853,225920.833333333,-7646
1963-07-15,235144,226848,8291
1963-08-15,236830,227897.166666667,1686
1963-09-15,225207,228365.333333333,-11623
1963-10-15,233610,228801.166666667,8403
1963-11-15,226321,229058.666666667,-7289
1963-12-15,232843,229393.583333333,6522
1964-01-15,236337,230220,3494
1964-02-15,222947,231095.833333333,-13390
1964-03-15,239068,231494.083333333,16121
1964-04-15,232185,231820.333333333,-6883
1964-05-15,234742,231840.583333333,2557
1964-06-15,226808,231836.833333333,-7934
1964-07-15,231648,231545.5,4840
1964-08-15,230926,231053.5,-722
1964-09-15,225965,231116.666666667,-4961
1964-10-15,236304,231341.166666667,10339
1964-11-15,229029,231566.833333333,-7275
1964-12-15,240863,232235.166666667,11834
1965-01-15,240946,232619.25,83
1965-02-15,218612,232258,-22334
1965-03-15,243763,232649.25,25151
1965-04-15,236844,233037.5,-6919
1965-05-15,238253,233330.083333333,1409
1965-06-15,232440,233799.416666667,-5813
1965-07-15,237606,234295.916666667,5166
1965-08-15,240180,235067.083333333,2574
1965-09-15,222529,234780.75,-17651
1965-10-15,244122,235432.25,21593
1965-11-15,239635,236316.083333333,-4487
1965-12-15,253584,237376.166666667,13949
1966-01-15,249459,238085.583333333,-4125
1966-02-15,230733,239095.666666667,-18726
1966-03-15,257107,240207.666666667,26374
1966-04-15,248155,241150.25,-8952
1966-05-15,258677,242852.25,10522
1966-06-15,250391,244348.166666667,-8286
1966-07-15,255121,245807.75,4730
1966-08-15,255812,247110.416666667,691
1966-09-15,247632,249202.333333333,-8180
1966-10-15,258008,250359.5,10376
1966-11-15,252825,251458.666666667,-5183
1966-12-15,263843,252313.583333333,11018
1967-01-15,265577,253656.75,1734
1967-02-15,241366,254542.833333333,-24211
1967-03-15,264854,255188.416666667,23488
1967-04-15,254252,255696.5,-10602
1967-05-15,259923,255800.333333333,5671
1967-06-15,256174,256282.25,-3749
1967-07-15,283776,258670.166666667,27602
1967-08-15,292495,261727.083333333,8719
1967-09-15,272845,263828.166666667,-19650
1967-10-15,278997,265577.25,6152
1967-11-15,269348,266954.166666667,-9649
1967-12-15,276135,267978.5,6787
1968-01-15,279868,269169.416666667,3733
1968-02-15,270425,271591,-9443
1968-03-15,288882,273593.333333333,18457
1968-04-15,273690,275213.166666667,-15192
1968-05-15,285355,277332.5,11665
1968-06-15,274320,278844.666666667,-11035
1968-07-15,283836,278849.666666667,9516
1968-08-15,283154,278071.25,-682
1968-09-15,267960,277664.166666667,-15194
1968-10-15,276396,277447.416666667,8436
1968-11-15,269070,277424.25,-7326
1968-12-15,276086,277420.166666667,7016
1969-01-15,275528,277058.5,-558
1969-02-15,249984,275355.083333333,-25544
1969-03-15,280705,274673.666666667,30721
1969-04-15,277140,274961.166666667,-3565
1969-05-15,290036,275351.25,12896
1969-06-15,288935,276569.166666667,-1101
1969-07-15,288145,276928.25,-790
1969-08-15,281077,276755.166666667,-7068
1969-09-15,278850,277662.666666667,-2227
1969-10-15,285603,278429.916666667,6753
1969-11-15,280380,279372.416666667,-5223
1969-12-15,295368,280979.25,14988
1970-01-15,293818,282503.416666667,-1550
1970-02-15,267960,284001.416666667,-25858
1970-03-15,294748,285171.666666667,26788
1970-04-15,287730,286054.166666667,-7018
1970-05-15,295213,286485.583333333,7483
1970-06-15,280770,285805.166666667,-14443
1970-07-15,285274,285565.916666667,4504
1970-08-15,296360,286839.5,11086
1970-09-15,295590,288234.5,-770
1970-10-15,310403,290301.166666667,14813
1970-11-15,301320,292046.166666667,-9083
1970-12-15,308264,293120.833333333,6944
1971-01-15,299305,293578.083333333,-8959
1971-02-15,272412,293949.083333333,-26893
1971-03-15,302808,294620.75,30396
1971-04-15,293070,295065.75,-9738
1971-05-15,298995,295380.916666667,5925
1971-06-15,288120,295993.416666667,-10875
1971-07-15,293121,296647.333333333,5001
1971-08-15,291741,296262.416666667,-1380
1971-09-15,274050,294467.416666667,-17691
1971-10-15,284022,292269,9972
1971-11-15,274170,290006.5,-9852
1971-12-15,282100,287826.166666667,7930
1972-01-15,282534,286428.583333333,434
1972-02-15,270744,286289.583333333,-11790
1972-03-15,293322,285499.083333333,22578
1972-04-15,285390,284859.083333333,-7932
1972-05-15,298034,284779,12644
1972-06-15,285660,284574,-12374
1972-07-15,294376,284678.583333333,8716
1972-08-15,293973,284864.583333333,-403
1972-09-15,285240,285797.083333333,-8733
1972-10-15,293930,286622.75,8690
1972-11-15,282780,287340.25,-11150
1972-12-15,289385,287947.333333333,6605
1973-01-15,284454,288107.333333333,-4931
1973-02-15,263066,287467.5,-21388
1973-03-15,287430,286976.5,24364
1973-04-15,278757,286423.75,-8673
1973-05-15,287134,285515.416666667,8377
1973-06-15,276418,284745.25,-10716
1973-07-15,285731,284024.833333333,9313
1973-08-15,284225,283212.5,-1506
1973-09-15,271959,282105.75,-12266
1973-10-15,285940,281439.916666667,13981
1973-11-15,274829,280777.333333333,-11111
1973-12-15,280960,280075.25,6131
1974-01-15,276950,279449.916666667,-4010
1974-02-15,255982,278859.583333333,-20968
1974-03-15,277927,278067.666666667,21945
1974-04-15,268619,277222.833333333,-9308
1974-05-15,276228,276314,7609
1974-06-15,263407,275229.75,-12821
1974-07-15,272184,274100.833333333,8777
1974-08-15,269665,272887.5,-2519
1974-09-15,253288,271331.583333333,-16377
1974-10-15,266949,269749,13661
1974-11-15,257064,268268.583333333,-9885
1974-12-15,264322,266882.083333333,7258
1975-01-15,262104,265644.916666667,-2218
1975-02-15,240552,264359.083333333,-21552
1975-03-15,263297,263139.916666667,22745
1975-04-15,253698,261896.5,-9599
1975-05-15,259742,260522.666666667,6044
1975-06-15,252624,259624.083333333,-7118
1975-07-15,258408,258476.083333333,5784
1975-08-15,255712,257313.333333333,-2696
1975-09-15,248389,256905.083333333,-7323
1975-10-15,258057,256164.083333333,9668
1975-11-15,248336,255436.75,-9721
1975-12-15,255860,254731.583333333,7524
1976-01-15,255185,254155,-675
1976-02-15,238705,254001.083333333,-16480
1976-03-15,255198,253326.166666667,16493
1976-04-15,242310,252377.166666667,-12888
1976-05-15,251860,251720.333333333,9550
1976-06-15,242833,250904.416666667,-9027
1976-07-15,251942,250365.583333333,9109
1976-08-15,251429,250008.666666667,-513
1976-09-15,244489,249683.666666667,-6940
1976-10-15,249962,249009.083333333,5473
1976-11-15,242388,248513.416666667,-7574
1976-12-15,249879,248015,7491
1977-01-15,243478,247039.416666667,-6401
1977-02-15,227890,246138.166666667,-15588
1977-03-15,250778,245769.833333333,22888
1977-04-15,244347,245939.583333333,-6431
1977-05-15,250317,245811,5970
1977-06-15,243058,245829.75,-7259
1977-07-15,251244,245771.583333333,8186
1977-08-15,257510,246278.333333333,6266
1977-09-15,254392,247103.583333333,-3118
1977-10-15,265776,248421.416666667,11384
1977-11-15,257378,249670.583333333,-8398
1977-12-15,263097,250772.083333333,5719
1978-01-15,259150,252078.083333333,-3947
1978-02-15,234544,252632.583333333,-24606
1978-03-15,270324,254261.416666667,35780
1978-04-15,264526,255943,-5798
1978-05-15,273583,257881.833333333,9057
1978-06-15,264974,259708.166666667,-8609
1978-07-15,271442,261391.333333333,6468
1978-08-15,271502,262557.333333333,60
1978-09-15,264010,263358.833333333,-7492
1978-10-15,273420,263995.833333333,9410
1978-11-15,262233,264400.416666667,-11187
1978-12-15,268508,264851.333333333,6275
1979-01-15,262716,265148.5,-5792
1979-02-15,238710,265495.666666667,-24006
1979-03-15,266635,265188.25,27925
1979-04-15,256593,264527.166666667,-10042
1979-05-15,266631,263947.833333333,10038
1979-06-15,252949,262945.75,-13682
1979-07-15,259278,261932.083333333,6329
1979-08-15,264981,261388.666666667,5703
1979-09-15,255693,260695.583333333,-9288
1979-10-15,267256,260181.916666667,11563
1979-11-15,262818,260230.666666667,-4438
1979-12-15,267050,260109.166666667,4232
1980-01-15,268940,260627.833333333,1890
1980-02-15,252431,261771.25,-16509
1980-03-15,269650,262022.5,17219
1980-04-15,260541,262351.5,-9109
1980-05-15,267684,262439.25,7143
1980-06-15,256619,262745.083333333,-11065
1980-07-15,264964,263218.916666667,8345
1980-08-15,260841,262873.916666667,-4123
1980-09-15,258577,263114.25,-2264
1980-10-15,264489,262883.666666667,5912
1980-11-15,254852,262219.833333333,-9637
1980-12-15,266777,262197.083333333,11925
1981-01-15,264736,261846.75,-2041
1981-02-15,240914,260887,-23822
1981-03-15,267003,260666.416666667,26089
1981-04-15,256708,260347,-10295
1981-05-15,263541,260001.75,6833
1981-06-15,258859,260188.416666667,-4682
1981-07-15,263498,260066.25,4639
1981-08-15,266069,260501.916666667,2571
1981-09-15,258120,260463.833333333,-7949
1981-10-15,265450,260543.916666667,7330
1981-11-15,257579,260771.166666667,-7871
1981-12-15,266147,260718.666666667,8568
1982-01-15,263793,260640.083333333,-2354
1982-02-15,243661,260869,-20132
1982-03-15,268687,261009.333333333,25026
1982-04-15,257738,261095.166666667,-10949
1982-05-15,269186,261565.583333333,11448
1982-06-15,259383,261609.25,-9803
1982-07-15,268398,262017.583333333,9015
1982-08-15,267643,262148.75,-755
1982-09-15,261028,262391.083333333,-6615
1982-10-15,269745,262749,8717
1982-11-15,260918,263027.25,-8827
1982-12-15,266535,263059.583333333,5617
1983-01-15,269604,263543.833333333,3069
1983-02-15,245237,263675.166666667,-24367
1983-03-15,269706,263760.083333333,24469
1983-04-15,263269,264221,-6437
1983-05-15,267575,264086.75,4306
1983-06-15,260014,264139.333333333,-7561
1983-07-15,267717,264082.583333333,7703
1983-08-15,269053,264200.083333333,1336
1983-09-15,263530,264408.583333333,-5523
1983-10-15,271890,264587.333333333,8360
1983-11-15,263111,264770.083333333,-8779
1983-12-15,260293,264249.916666667,-2818
1984-01-15,274902,264691.416666667,14609
1984-02-15,257357,265701.416666667,-17545
1984-03-15,268829,265628.333333333,11472
1984-04-15,265872,265845.25,-2957
1984-05-15,277616,266682,11744
1984-06-15,265570,267145,-12046
1984-07-15,275432,267787.916666667,9862
1984-08-15,273091,268124.416666667,-2341
1984-09-15,269798,268646.75,-3293
1984-10-15,276075,268995.5,6277
1984-11-15,269357,269516,-6718
1984-12-15,275797,270808,6440
1985-01-15,270926,270476.666666667,-4871
1985-02-15,252695,270088.166666667,-18231
1985-03-15,281943,271181,29248
1985-04-15,271299,271633.25,-10644
1985-05-15,283093,272089.666666667,11794
1985-06-15,270653,272513.25,-12440
1985-07-15,277410,272678.083333333,6757
1985-08-15,272881,272660.583333333,-4529
1985-09-15,268610,272561.583333333,-4271
1985-10-15,278068,272727.666666667,9458
1985-11-15,267059,272536.166666667,-11009
1985-12-15,279916,272879.416666667,12857
1986-01-15,283248,273906.25,3332
1986-02-15,256855,274252.916666667,-26393
1986-03-15,279413,274042.083333333,22558
1986-04-15,265917,273593.583333333,-13496
1986-05-15,273964,272832.833333333,8047
1986-06-15,258700,271836.75,-15264
1986-07-15,268448,271089.916666667,9748
1986-08-15,259580,269981.5,-8868
1986-09-15,249843,268417.583333333,-9737
1986-10-15,260984,266993.916666667,11141
1986-11-15,252374,265770.166666667,-8610
1986-12-15,258926,264021,6552
1987-01-15,262888,262324.333333333,3962
1987-02-15,234880,260493.083333333,-28008
1987-03-15,262398,259075.166666667,27518
1987-04-15,254945,258160.833333333,-7453
1987-05-15,258426,256866,3481
1987-06-15,248356,256004,-10070
1987-07-15,255782,254948.5,7426
1987-08-15,254508,254525.833333333,-1274
1987-09-15,246163,254219.166666667,-8345
1987-10-15,259272,254076.5,13109
1987-11-15,251915,254038.25,-7357
1987-12-15,257844,253948.083333333,5929
1988-01-15,255743,253352.666666667,-2101
1988-02-15,242848,254016.666666667,-12895
1988-03-15,259587,253782.416666667,16739
1988-04-15,248629,253256.083333333,-10958
1988-05-15,255089,252978,6460
1988-06-15,245102,252706.833333333,-9987
1988-07-15,249229,252160.75,4127
1988-08-15,250459,251823.333333333,1230
1988-09-15,236847,251047,-13612
1988-10-15,248704,250166.333333333,11857
1988-11-15,240700,249231.75,-8004
1988-12-15,246189,248260.5,5489
1989-01-15,246056,247453.25,-133
1989-02-15,218076,245388.916666667,-27980
1989-03-15,234822,243325.166666667,16746
1989-04-15,233147,242035,-1675
1989-05-15,242303,240969.5,9156
1989-06-15,228731,239605.25,-13572
1989-07-15,230766,238066.666666667,2035
1989-08-15,233878,236684.916666667,3112
1989-09-15,226436,235817.333333333,-7442
1989-10-15,231036,234345,4600
1989-11-15,226082,233126.833333333,-4954
1989-12-15,227439,231564.333333333,1357
1990-01-15,233931,230553.916666667,6492
1990-02-15,209923,229874.5,-24008
1990-03-15,230434,229508.833333333,20511
1990-04-15,222215,228597.833333333,-8219
1990-05-15,227179,227337.5,4964
1990-06-15,213175,226041.166666667,-14004
1990-07-15,222371,225341.583333333,9196
1990-08-15,225886,224675.583333333,3515
1990-09-15,216715,223865.5,-9171
1990-10-15,233799,224095.75,17084
1990-11-15,221598,223722.083333333,-12201
1990-12-15,227463,223724.083333333,5865
1991-01-15,232498,223604.666666667,5035
1991-02-15,213836,223930.75,-18662
1991-03-15,233926,224221.75,20090
1991-04-15,225256,224475.166666667,-8670
1991-05-15,229670,224682.75,4414
1991-06-15,219610,225219,-10060
1991-07-15,227756,225667.75,8146
1991-08-15,226801,225744,-955
1991-09-15,221029,226103.5,-5772
1991-10-15,230557,225833.333333333,9528
1991-11-15,219833,225686.25,-10724
1991-12-15,226267,225586.583333333,6434
1992-01-15,228178,225226.583333333,1911
1992-02-15,214269,225262.666666667,-13909
1992-03-15,227798,224752,13529
1992-04-15,218775,224211.916666667,-9023
1992-05-15,222227,223591.666666667,3452
1992-06-15,215019,223209.083333333,-7208
1992-07-15,221064,222651.416666667,6045
1992-08-15,214575,221632.583333333,-6489
1992-09-15,210904,220788.833333333,-3671
1992-10-15,220898,219983.916666667,9994
1992-11-15,210724,219224.833333333,-10174
1992-12-15,220200,218719.25,9476
1993-01-15,215791,217687,-4409
1993-02-15,194393,216030.666666667,-21398
1993-03-15,216198,215064,21805
1993-04-15,206439,214036,-9759
1993-05-15,212255,213205,5816
1993-06-15,203842,212273.583333333,-8413
1993-07-15,207339,211129.833333333,3497
1993-08-15,209492,210706.25,2153
1993-09-15,201347,209909.833333333,-8145
1993-10-15,212003,209168.583333333,10656
1993-11-15,207349,208887.333333333,-4654
1993-12-15,212585,208252.75,5236
1994-01-15,211320,207880.166666667,-1265
1994-02-15,189569,207478.166666667,-21751
1994-03-15,209114,206887.833333333,19545
1994-04-15,198363,206214.833333333,-10751
1994-05-15,207334,205804.75,8971
1994-06-15,198318,205344.416666667,-9016
1994-07-15,201527,204860.083333333,3209
1994-08-15,202869,204308.166666667,1342
1994-09-15,198264,204051.25,-4605
1994-10-15,206398,203584.166666667,8134
1994-11-15,198850,202875.916666667,-7548
1994-12-15,209550,202623,10700
1995-01-15,207148,202275.333333333,-2402
1995-02-15,190245,202331.666666667,-16903
1995-03-15,204613,201956.583333333,14368
1995-04-15,198111,201935.583333333,-6502
1995-05-15,205509,201783.5,7398
1995-06-15,197359,201703.583333333,-8150
1995-07-15,199912,201569,2553
1995-08-15,199846,201317.083333333,-66
1995-09-15,192484,200835.416666667,-7362
1995-10-15,199055,200223.5,6571
1995-11-15,197559,200115.916666667,-1496
1995-12-15,202428,199522.416666667,4869
1996-01-15,201354,199039.583333333,-1074
1996-02-15,190727,199079.75,-10627
1996-03-15,203715,199004.916666667,12988
1996-04-15,193317,198605.416666667,-10398
1996-05-15,198208,197997,4891
1996-06-15,193746,197695.916666667,-4462
1996-07-15,196471,197409.166666667,2725
1996-08-15,197162,197185.5,691
1996-09-15,194456,197349.833333333,-2706
1996-10-15,200907,197504.166666667,6451
1996-11-15,194268,197229.916666667,-6639
1996-12-15,201685,197168,7417
1997-01-15,198466,196927.333333333,-3219
1997-02-15,182400,196233.416666667,-16066
1997-03-15,200013,195924.916666667,17613
1997-04-15,193239,195918.416666667,-6774
1997-05-15,200702,196126.25,7463
1997-06-15,193252,196085.083333333,-7450
1997-07-15,198691,196270.083333333,5439
1997-08-15,196769,196237.333333333,-1922
1997-09-15,194575,196247.25,-2194
1997-10-15,200482,196211.833333333,5907
1997-11-15,193778,196171,-6704
1997-12-15,202464,196235.916666667,8686
1998-01-15,202756,196593.416666667,292
1998-02-15,181321,196503.5,-21435
1998-03-15,198639,196389,17318
1998-04-15,194483,196492.666666667,-4156
1998-05-15,196754,196163.666666667,2271
1998-06-15,188018,195727.5,-8736
1998-07-15,192026,195172.083333333,4008
1998-08-15,192282,194798.166666667,256
1998-09-15,173676,193056.583333333,-18606
1998-10-15,190420,192218.083333333,16744
1998-11-15,184198,191419.75,-6222
1998-12-15,187347,190160,3149
1999-01-15,184864,188669,-2483
1999-02-15,167034,187478.416666667,-17830
1999-03-15,182362,186122,15328
1999-04-15,176616,184633.083333333,-5746
1999-05-15,182122,183413.75,5506
1999-06-15,172808,182146.25,-9314
1999-07-15,179738,181122.25,6930
1999-08-15,179187,180031,-551
1999-09-15,174113,180067.416666667,-5074
1999-10-15,184361,179562.5,10248
1999-11-15,178811,179113.583333333,-5550
1999-12-15,184716,178894.333333333,5905
2000-01-15,179316,178432,-5400
2000-02-15,169703,178654.416666667,-9613
2000-03-15,183464,178746.25,13761
2000-04-15,175625,178663.666666667,-7839
2000-05-15,181242,178590.333333333,5617
2000-06-15,174686,178746.833333333,-6556
2000-07-15,177920,178595.333333333,3234
2000-08-15,179451,178617.333333333,1531
2000-09-15,172731,178502.166666667,-6720
2000-10-15,180080,178145.416666667,7349
2000-11-15,174980,177826.166666667,-5100
2000-12-15,181508,177558.833333333,6528
2001-01-15,179767,177596.416666667,-1741
2001-02-15,161843,176941.416666667,-17924
2001-03-15,182290,176843.583333333,20447
2001-04-15,175879,176864.75,-6411
2001-05-15,180712,176820.583333333,4833
2001-06-15,172974,176677.916666667,-7738
2001-07-15,178208,176701.916666667,5234
2001-08-15,177488,176538.333333333,-720
2001-09-15,171270,176416.583333333,-6218
2001-10-15,178129,176254,6859
2001-11-15,176441,176375.75,-1688
2001-12-15,182511,176459.333333333,6070
2002-01-15,182076,176651.75,-435
2002-02-15,164666,176887,-17410
2002-03-15,182460,176901.166666667,17794
2002-04-15,175333,176855.666666667,-7127
2002-05-15,183057,177051.083333333,7724
2002-06-15,176532,177347.583333333,-6525
2002-07-15,178275,177353.166666667,1743
2002-08-15,179670,177535,1395
2002-09-15,162336,176790.5,-17334
2002-10-15,166105,175788.5,3769
2002-11-15,168706,175143.916666667,2601
2002-12-15,177372,174715.666666667,8666
2003-01-15,178412,174410.333333333,1040
2003-02-15,161920,174181.5,-16492
2003-03-15,179907,173968.75,17987
2003-04-15,171774,173672.166666667,-8133
2003-05-15,175568,173048.083333333,3794
2003-06-15,169772,172484.75,-5796
2003-07-15,170452,171832.833333333,680
2003-08-15,172787,171259.25,2335
2003-09-15,168270,171753.75,-4517
2003-10-15,174020,172413.333333333,5750
2003-11-15,166397,172220.916666667,-7623
2003-12-15,172715,171832.833333333,6318
2004-01-15,173132,171392.833333333,417
2004-02-15,161583,171364.75,-11549
2004-03-15,174115,170882.083333333,12532
2004-04-15,166810,170468.416666667,-7305
2004-05-15,172235,170190.666666667,5425
2004-06-15,162208,169560.333333333,-10027
2004-07-15,170011,169523.583333333,7803
2004-08-15,165072,168880.666666667,-4939
2004-09-15,152444,167561.833333333,-12628
2004-10-15,160270,166416,7826
2004-11-15,162699,166107.833333333,2429
2004-12-15,170815,165949.5,8116
2005-01-15,168831,165591.083333333,-1984
2005-02-15,154038,164962.333333333,-14793
2005-03-15,173626,164921.583333333,19588
2005-04-15,166885,164927.833333333,-6741
2005-05-15,173491,165032.5,6606
2005-06-15,163263,165120.416666667,-10228
2005-07-15,162854,164524,-409
2005-08-15,161153,164197.416666667,-1701
2005-09-15,126417,162028.5,-34736
2005-10-15,141200,160439.333333333,14783
2005-11-15,145708,159023.416666667,4508
2005-12-15,154630,157674.666666667,8922
2006-01-15,156480,156645.416666667,1850
2006-02-15,140894,155550.083333333,-15586
2006-03-15,155842,154068.083333333,14948
2006-04-15,152450,152865.166666667,-3392
2006-05-15,159667,151713.166666667,7217
2006-06-15,154884,151014.916666667,-4783
2006-07-15,157919,150603.666666667,3035
2006-08-15,156232,150193.583333333,-1687
2006-09-15,150926,152236,-5306
2006-10-15,158353,153665.416666667,7427
2006-11-15,151926,154183.583333333,-6427
2006-12-15,160768,154695.083333333,8842
2007-01-15,158342,154850.25,-2426
2007-02-15,143301,155050.833333333,-15041
2007-03-15,158697,155288.75,15396
2007-04-15,155407,155535.166666667,-3290
2007-05-15,161548,155691.916666667,6141
2007-06-15,152254,155472.75,-9294
2007-07-15,156175,155327.416666667,3921
2007-08-15,154060,155146.416666667,-2115
2007-09-15,147061,154824.333333333,-6999
2007-10-15,155680,154601.583333333,8619
2007-11-15,151021,154526.166666667,-4659
2007-12-15,158427,154331.083333333,7406
2008-01-15,158566,154349.75,139
2008-02-15,149297,154849.416666667,-9269
2008-03-15,160868,155030.333333333,11571
2008-04-15,155403,155030,-5465
2008-05-15,159437,154854.083333333,4034
2008-06-15,154133,155010.666666667,-5304
2008-07-15,160481,155369.5,6348
2008-08-15,155092,155455.5,-5389
2008-09-15,119208,153134.416666667,-35884
2008-10-15,146868,152400.083333333,27660
2008-11-15,152343,152510.25,5475
2008-12-15,158183,152489.916666667,5840
2009-01-15,159467,152565,1284
2009-02-15,146698,152348.416666667,-12769
2009-03-15,161776,152424.083333333,15078
2009-04-15,158344,152669.166666667,-3432
2009-05-15,166684,153273.083333333,8340
2009-06-15,158079,153601.916666667,-8605
2009-07-15,167336,154173.166666667,9257
2009-08-15,167945,155244.25,609
2009-09-15,166765,159207.333333333,-1180
2009-10-15,171258,161239.833333333,4493
2009-11-15,161838,162031.083333333,-9420
2009-12-15,169004,162932.833333333,7166
2010-01-15,167529,163604.666666667,-1475
2010-02-15,155496,164337.833333333,-12033
2010-03-15,170976,165104.5,15480
2010-04-15,161769,165389.916666667,-9207
2010-05-15,167427,165451.833333333,5658
2010-06-15,161385,165727.333333333,-6042
2010-07-15,164234,165468.833333333,2849
2010-08-15,168867,165545.666666667,4633
2010-09-15,168473,165688,-394
2010-10-15,174547,165962.083333333,6074
2010-11-15,167272,166414.916666667,-7275
2010-12-15,173831,166817.166666667,6559
2011-01-15,170393,167055.833333333,-3438
2011-02-15,151354,166710.666666667,-19039
2011-03-15,174158,166975.833333333,22804
2011-04-15,166858,167399.916666667,-7300
2011-05-15,174363,167977.916666667,7505
2011-06-15,167673,168501.916666667,-6690
2011-07-15,168635,168868.666666667,962
2011-08-15,175618,169431.25,6983
2011-09-15,168411,169426.083333333,-7207
2011-10-15,182977,170128.583333333,14566
2011-11-15,181157,171285.666666667,-1820
2011-12-15,189487,172590.333333333,8330
2012-01-15,191472,174346.916666667,1985
2012-02-15,181783,176882.666666667,-9689
2012-03-15,196138,178714.333333333,14355
2012-04-15,189601,180609.583333333,-6537
2012-05-15,197456,182534,7855
2012-06-15,188262,184249.75,-9194
2012-07-15,199368,186810.833333333,11106
2012-08-15,196867,188581.583333333,-2501
2012-09-15,197942,191042.5,1075
2012-10-15,216057,193799.166666667,18115
2012-11-15,212472,196408.75,-3585
2012-12-15,220282,198975,7810
2013-01-15,219570,201316.5,-712
2013-02-15,200071,202840.5,-19499
2013-03-15,223644,205132.666666667,23573
2013-04-15,221205,207766.333333333,-2439
2013-05-15,227101,210236.75,5896
2013-06-15,218314,212741.083333333,-8787
2013-07-15,233174,215558.25,14860
2013-08-15,233562,218616.166666667,388
2013-09-15,235142,221716.166666667,1580
2013-10-15,240567,223758.666666667,5425
2013-11-15,237565,225849.75,-3002
2013-12-15,245904,227984.916666667,8339
2014-01-15,250240,230540.75,4336
2014-02-15,228166,232882,-22074
2014-03-15,257019,235663.25,28853
2014-04-15,255597,238529.25,-1422
2014-05-15,267731,241915.083333333,12134
2014-06-15,262026,245557.75,-5705
2014-07-15,273952,248955.916666667,11926
2014-08-15,276513,252535.166666667,2561
2014-09-15,272111,255615.916666667,-4402
2014-10-15,286760,259465.333333333,14649
2014-11-15,279200,262934.916666667,-7560
2014-12-15,295914,267102.416666667,16714
2015-01-15,290631,270468.333333333,-5283
2015-02-15,265886,273611.666666667,-24745
2015-03-15,296825,276928.833333333,30939
2015-04-15,289449,279749.833333333,-7376
2015-05-15,293362,281885.75,3913
2015-06-15,280425,283419,-12937
2015-07-15,292432,284959,12007
2015-08-15,291333,286194,-1099
2015-09-15,284079,287191.333333333,-7254
2015-10-15,291157,287557.75,7078
2015-11-15,279779,287606,-11378
2015-12-15,287309,286888.916666667,7530
2016-01-15,285322,286446.5,-1987
2016-02-15,262843,286192.916666667,-22479
2016-03-15,282290,284981.666666667,19447
2016-04-15,266327,283054.833333333,-15963
2016-05-15,273959,281437.916666667,7632
2016-06-15,260338,279764,-13621
2016-07-15,268667,277783.583333333,8329
2016-08-15,269463,275961.083333333,796
2016-09-15,256351,273650.416666667,-13112
2016-10-15,273009,272138.083333333,16658
2016-11-15,267184,271088.5,-5825
2016-12-15,273366,269926.583333333,6182
2017-01-15,275075,269072.666666667,1709
2017-02-15,255099,268427.333333333,-19976
2017-03-15,284185,268585.25,29086
2017-04-15,273051,269145.583333333,-11134
2017-05-15,284812,270050,11761
2017-06-15,273338,271133.333333333,-11474
2017-07-15,286663,272633,13325
2017-08-15,286690,274068.583333333,27
2017-09-15,285423,276491.25,-1267
2017-10-15,299707,278716.083333333,14284
2017-11-15,302592,281666.75,2885
2017-12-15,309612,284687.25,7020
2018-01-15,310059,287602.583333333,447
2018-02-15,287865,290333.083333333,-22194
2018-03-15,324478,293690.833333333,36613
2018-04-15,314838,297173.083333333,-9640
2018-05-15,323388,300387.75,8550
2018-06-15,319207,304210.166666667,-4181
2018-07-15,337928,308482.25,18721
2018-08-15,353226,314026.916666667,15298
2018-09-15,343383,318856.916666667,-9843
2018-10-15,356986,323630.166666667,13603
2018-11-15,357328,328191.5,342
2018-12-15,371522,333350.666666667,14194
2019-01-15,368054,338183.583333333,-3468
2019-02-15,326819,341429.75,-41235
2019-03-15,369203,345156.833333333,42384
2019-04-15,364293,349278.083333333,-4910
2019-05-15,376738,353723.916666667,12445
2019-06-15,366642,357676.833333333,-10096
2019-07-15,368952,360262.166666667,2310
2019-08-15,387024,363078.666666667,18072
2019-09-15,377681,365936.833333333,-9343
2019-10-15,396984,369270,19303
2019-11-15,389809,371976.75,-7175
2019-12-15,402393,374549.333333333,12584
2020-01-15,398392,377077.5,-4001
2020-02-15,372480,380882.583333333,-25912
2020-03-15,396682,383172.5,24202
2020-04-15,357336,382592.75,-39346
2020-05-15,301133,376292.333333333,-56203
2020-06-15,313381,371853.916666667,12248
2020-07-15,341244,369544.916666667,27863
2020-08-15,328128,364636.916666667,-13116
2020-09-15,328025,360498.916666667,-103
2020-10-15,324544,354462.25,-3481
2020-11-15,336286,350002,11742
2020-12-15,346553,345348.666666667,10267
2021-01-15,345713,340958.75,-840
2021-02-15,278271,333108,-67442
2021-03-15,352545,329429.916666667,74274
2021-04-15,340585,328034,-11960
2021-05-15,354103,332448.166666667,13518
2021-06-15,341813,334817.5,-12290
2021-07-15,353905,335872.583333333,12092
2021-08-15,350736,337756.583333333,-3169
2021-09-15,328715,337814.083333333,-22021
2021-10-15,360746,340830.916666667,32031
2021-11-15,356024,342475.75,-4722
2021-12-15,364322,343956.5,8298
2022-01-15,354716,344706.75,-9606
2022-02-15,321080,348274.166666667,-33636
2022-03-15,368134,349573.25,47054
2022-04-15,354365,350721.583333333,-13769
2022-05-15,363992,351545.666666667,9627
2022-06-15,357385,352843.333333333,-6607
2022-07-15,371739,354329.5,14354
2022-08-15,375798,356418,4059
2022-09-15,373159,360121.666666667,-2639
2022-10-15,385369,362173.583333333,12210
2022-11-15,374003,363671.833333333,-11366
2022-12-15,377429,364764.083333333,3426
2023-01-15,390928,367781.75,13499
2023-02-15,352534,370402.916666667,-38394
2023-03-15,397280,372831.75,44746
2023-04-15,380410,375002.166666667,-16870
2023-05-15,394619,377554.416666667,14209
2023-06-15,385967,379936.25,-8652
2023-07-15,400994,382374.166666667,15027
2023-08-15,404469,384763.416666667,3475
2023-09-15,395300,386608.5,-9169
2023-10-15,407615,388462.333333333,12315
2023-11-15,398433,390498.166666667,-9182
2023-12-15,412547,393424.666666667,14114
2024-01-15,389161,393277.416666667,-23386
2024-02-15,379960,395562.916666667,-9201
2024-03-15,408294,396480.75,28334
2024-04-15,397459,397901.5,-10835
2024-05-15,409235,399119.5,11776
2024-06-15,397196,400055.25,-12039
2024-07-15,408950,400718.25,11754
2024-08-15,414270,401535,5320
2024-09-15,395541,401555.083333333,-18729
2024-10-15,416953,402333.25,21412
2024-11-15,400561,402510.583333333,-16392
2024-12-15,416573,402846.083333333,16012
2025-01-15,407356,404362.333333333,-9217
2025-02-15,370711,403591.583333333,-36645
2025-03-15,416958,404313.583333333,46247
2025-04-15,404053,404863.083333333,-12905
